Id,User Name,First Name,Last Name,Display Name,Job Title,Department,Office Number,Office Phone,Mobile Phone,Fax,Address City,State or Province,ZIP or Postal Code,Country or Region
1,payjain0,payal,jain,Payal Jain,developer,IT,234567,12345678,8115580722,22,gurgaon,haryana,122001,India
2,richaup0,richa,upa,richa upa,developer,IT,987665,68647,9876543345,22,gurgaon,haryana,122003,India
3,aishra0,asih,rathore,aish rathore,makeup artist,art,98754422,348902,976763637,22,gurgaon,haryana,122002,India
4,aishra0,priya,pra,priya,developer,art,98754421,348903,976763635,22,gurgaon,haryana,122002,India
5,aishra0,harshi,jha,harshi,developer,art,98754424,348904,976763634,22,gurgaon,haryana,122002,India
6,aishra0,saloni,upa,saloni,developer,art,98754425,348905,976763633,22,gurgaon,haryana,122002,India
7,aishra0,meenal,binary,meena,developer,art,98754426,348906,976763632,22,gurgaon,haryana,122002,India
8,aishra0,loki,rishi,lokesh,developer,art,98754427,3489054,976763631,22,gurgaon,haryana,122002,India
9,aishra0,anish,kapoor,anish,developer,art,98754428,348908,976763638,22,gurgaon,haryana,122002,India
10,aishra0,yubin,shin,yubi,developer,art,98754429,348909,976763647,22,gurgaon,haryana,122002,India
11,aishra0,yash,bans,yasha,makeup,art,98754412,348900,9767634337,22,gurgaon,haryana,122002,India
12,aishra0,sancz,ja,sanchit,artist,art,98754456,3489021,976722637,22,gurgaon,haryana,122002,India